id,username,email,created_at
1,briskcanyon10,briskcanyon10@example.com,2024-07-26 16:53:04
2,amberorbit15,amberorbit15@example.com,2024-08-26 07:28:55
3,keenorbit69,keenorbit69@example.com,2024-02-26 04:16:05
4,urbangarden02,urbangarden02@relay.cloud,2024-03-05 20:10:06
5,urbanbeacon18,urbanbeacon18@example.com,2025-03-25 01:27:13
6,opalsignal60,opalsignal60@hackstack.io,2024-07-18 06:12:54
7,urbanbeacon22,urbanbeacon22@seeded.app,2025-05-03 05:26:14
8,emberorbit13,emberorbit13@opswise.net,2024-05-20 11:46:37
9,dawnbeacon77,dawnbeacon77@opswise.net,2025-05-15 02:09:06
10,keenzenith66,keenzenith66@seeded.app,2024-04-12 07:41:58
11,navyvalley35,navyvalley35@hackstack.io,2024-03-02 17:14:11
12,jadezenith55,jadezenith55@seeded.app,2024-03-02 23:58:59
13,navyharvest02,navyharvest02@acme.dev,2025-12-17 01:01:00
14,opalnetwork60,opalnetwork60@opswise.net,2024-08-12 05:15:17
15,jadecanyon07,jadecanyon07@relay.cloud,2025-02-07 07:22:10
16,goldisland74,goldisland74@hackstack.io,2025-05-24 07:54:47
17,livelycanyon85,livelycanyon85@relay.cloud,2025-10-03 00:40:49
18,emberriver52,emberriver52@hackstack.io,2024-02-27 00:53:11
19,vividsignal25,vividsignal25@hackstack.io,2025-08-26 10:37:04
20,livelyuplink21,livelyuplink21@relay.cloud,2026-01-21 10:24:04
21,warmnetwork24,warmnetwork24@opswise.net,2025-08-08 13:09:57
22,harborengine21,harborengine21@opswise.net,2024-02-26 00:26:03
23,goldkernel04,goldkernel04@opswise.net,2024-11-29 19:53:37
24,cobaltlagoon91,cobaltlagoon91@example.com,2025-07-17 17:28:43
25,quietzenith21,quietzenith21@acme.dev,2025-09-05 02:06:17
26,urbanriver64,urbanriver64@hackstack.io,2025-08-11 02:25:52
27,embergarden33,embergarden33@hackstack.io,2025-03-21 22:29:02
28,vividriver12,vividriver12@opswise.net,2025-10-01 07:29:27
29,silversignal94,silversignal94@relay.cloud,2025-03-13 13:51:55
30,warmengine11,warmengine11@seeded.app,2025-10-14 20:25:25
31,ivorysignal31,ivorysignal31@opswise.net,2025-06-12 14:18:10
32,opaltrail26,opaltrail26@relay.cloud,2024-11-17 16:12:45
33,briskyard32,briskyard32@acme.dev,2024-12-10 12:51:39
34,rapidcanyon30,rapidcanyon30@seeded.app,2024-08-28 23:46:47
35,dawnnetwork51,dawnnetwork51@relay.cloud,2024-08-16 09:47:50
36,youngjourney33,youngjourney33@hackstack.io,2025-05-09 00:39:45
37,cobaltriver20,cobaltriver20@hackstack.io,2024-09-27 23:30:40
38,navyjourney69,navyjourney69@acme.dev,2025-11-16 21:00:09
39,cleardelta56,cleardelta56@opswise.net,2025-05-30 00:07:12
40,navydelta61,navydelta61@example.com,2024-03-07 15:54:32
41,harboruplink95,harboruplink95@example.com,2025-11-14 05:30:48
42,tidykernel31,tidykernel31@example.com,2024-01-15 17:29:00
43,rapidvalley90,rapidvalley90@acme.dev,2025-07-28 11:20:06
44,cobaltuplink18,cobaltuplink18@hackstack.io,2024-12-23 17:29:20
45,silvergarden61,silvergarden61@hackstack.io,2024-03-19 02:32:32
46,briskbeacon65,briskbeacon65@acme.dev,2025-06-13 21:46:15
47,jadebeacon36,jadebeacon36@opswise.net,2024-09-11 18:50:14
48,livelyengine17,livelyengine17@example.com,2025-01-01 12:38:30
49,emberquartz50,emberquartz50@relay.cloud,2026-01-28 04:32:16
50,proudtrail94,proudtrail94@relay.cloud,2024-08-10 16:39:27
51,dawndelta90,dawndelta90@acme.dev,2024-05-11 15:56:34
52,livelyvalley87,livelyvalley87@example.com,2024-11-13 00:23:35
53,urbanharvest46,urbanharvest46@seeded.app,2025-12-06 12:54:53
54,opalengine24,opalengine24@opswise.net,2024-10-26 10:26:27
55,silvercanyon80,silvercanyon80@relay.cloud,2024-08-24 07:17:49
56,rapidjourney47,rapidjourney47@example.com,2025-11-24 16:19:38
57,cobaltanchor96,cobaltanchor96@opswise.net,2024-05-18 14:33:39
58,ambergarden39,ambergarden39@acme.dev,2024-10-24 21:26:35
59,opalengine62,opalengine62@opswise.net,2024-08-30 14:09:28
60,silverzenith46,silverzenith46@opswise.net,2025-06-12 15:14:44
61,clearorbit84,clearorbit84@example.com,2024-04-13 01:59:26
62,amberengine32,amberengine32@acme.dev,2024-03-21 00:10:19
63,brisknetwork37,brisknetwork37@example.com,2025-02-19 00:00:20
64,warmjourney85,warmjourney85@relay.cloud,2024-06-07 00:24:44
65,forestharvest84,forestharvest84@relay.cloud,2024-10-17 17:28:02
66,goldtrail87,goldtrail87@example.com,2024-09-05 08:44:07
67,livelysignal90,livelysignal90@opswise.net,2024-08-23 02:08:04
68,vividpioneer05,vividpioneer05@hackstack.io,2024-01-15 11:35:47
69,silverisland20,silverisland20@opswise.net,2024-12-18 20:44:07
70,opalmeadow03,opalmeadow03@relay.cloud,2025-09-17 12:29:48
71,keengarden94,keengarden94@example.com,2025-08-05 18:56:37
72,briskyard62,briskyard62@acme.dev,2025-08-14 21:48:36
73,jadezenith99,jadezenith99@seeded.app,2024-05-28 01:50:29
74,opalharvest62,opalharvest62@relay.cloud,2024-04-26 17:33:08
75,urbanzenith75,urbanzenith75@relay.cloud,2025-09-09 17:48:33
76,livelysignal93,livelysignal93@example.com,2024-01-05 01:32:49
77,cobaltquartz53,cobaltquartz53@hackstack.io,2025-10-12 23:17:37
78,clearfield83,clearfield83@opswise.net,2024-08-24 03:40:46
79,clearvalley92,clearvalley92@relay.cloud,2024-10-14 11:32:00
80,urbanjourney23,urbanjourney23@example.com,2024-02-26 13:35:26
81,embercanyon71,embercanyon71@seeded.app,2025-06-14 00:28:08
82,harborgarden01,harborgarden01@hackstack.io,2024-04-20 20:08:28
83,jadegarden89,jadegarden89@relay.cloud,2024-01-10 01:53:15
84,navymeadow22,navymeadow22@acme.dev,2024-05-25 20:17:06
85,ivorycanyon22,ivorycanyon22@relay.cloud,2025-12-10 08:55:57
86,emberkernel74,emberkernel74@relay.cloud,2025-11-05 00:00:20
87,forestyard87,forestyard87@example.com,2025-07-14 00:15:01
88,amberjourney29,amberjourney29@relay.cloud,2025-10-23 09:51:28
89,ivorytrail59,ivorytrail59@acme.dev,2024-11-09 06:53:45
90,proudharvest97,proudharvest97@hackstack.io,2024-08-03 19:35:17
91,ivorytrail87,ivorytrail87@opswise.net,2024-08-13 09:42:49
92,keenmeadow18,keenmeadow18@opswise.net,2025-09-13 02:59:59
93,foresttrail53,foresttrail53@hackstack.io,2024-05-15 16:55:39
94,dawnisland40,dawnisland40@seeded.app,2025-04-27 03:35:20
95,forestyard99,forestyard99@relay.cloud,2024-09-30 07:56:57
96,goldquartz27,goldquartz27@relay.cloud,2025-12-05 07:42:05
97,keenriver60,keenriver60@example.com,2024-08-22 03:11:46
98,vividsignal02,vividsignal02@relay.cloud,2024-09-11 08:04:46
99,quiettrail03,quiettrail03@opswise.net,2024-08-24 05:52:19
100,proudkernel75,proudkernel75@hackstack.io,2024-08-19 00:36:23
101,briskpioneer39,briskpioneer39@example.com,2024-08-03 20:41:25
102,briskharvest08,briskharvest08@seeded.app,2024-02-09 08:27:59
103,tidyisland78,tidyisland78@seeded.app,2025-11-03 09:19:20
104,tidyuplink60,tidyuplink60@example.com,2025-11-24 20:05:41
105,cobaltmeadow29,cobaltmeadow29@seeded.app,2024-05-07 21:28:48
106,mellowanchor21,mellowanchor21@acme.dev,2025-11-21 21:14:56
107,cleartrail48,cleartrail48@relay.cloud,2024-08-28 06:04:21
108,livelysignal10,livelysignal10@relay.cloud,2024-09-14 10:11:15
109,quietisland53,quietisland53@opswise.net,2025-08-02 16:55:09
110,cobaltharvest72,cobaltharvest72@example.com,2025-09-04 12:15:42
111,forestpioneer20,forestpioneer20@relay.cloud,2025-07-04 11:11:27
112,amberjourney69,amberjourney69@hackstack.io,2025-09-30 17:08:28
113,jadepioneer80,jadepioneer80@hackstack.io,2024-07-21 22:19:31
114,calmquartz22,calmquartz22@relay.cloud,2024-03-23 07:44:51
115,vividmeadow55,vividmeadow55@relay.cloud,2024-12-08 09:24:23
116,opaljourney87,opaljourney87@hackstack.io,2025-07-16 04:25:53
117,livelyfield05,livelyfield05@example.com,2025-03-06 15:28:09
118,keenlagoon67,keenlagoon67@hackstack.io,2025-11-09 00:40:46
119,warmisland38,warmisland38@seeded.app,2025-02-09 17:22:01
120,forestanchor30,forestanchor30@relay.cloud,2025-11-29 18:14:14
121,opaluplink29,opaluplink29@relay.cloud,2024-02-29 11:02:04
122,youngmeadow54,youngmeadow54@seeded.app,2025-05-16 07:11:04
123,tidycanyon08,tidycanyon08@acme.dev,2024-02-22 21:38:28
124,vividwindow90,vividwindow90@example.com,2024-05-24 17:15:41
125,cobaltriver32,cobaltriver32@example.com,2024-08-30 19:02:33
126,jadepioneer84,jadepioneer84@example.com,2025-05-24 22:57:45
127,cobaltdelta57,cobaltdelta57@seeded.app,2025-09-08 02:26:58
128,youngmeadow21,youngmeadow21@hackstack.io,2025-06-16 18:28:41
129,navyuplink86,navyuplink86@example.com,2024-06-03 13:44:50
130,keenuplink03,keenuplink03@opswise.net,2025-10-29 14:15:04
131,ivoryzenith64,ivoryzenith64@acme.dev,2025-10-25 18:50:58
132,amberpioneer82,amberpioneer82@seeded.app,2024-11-06 09:21:31
133,urbangarden03,urbangarden03@hackstack.io,2024-02-03 16:02:29
134,keenpioneer63,keenpioneer63@hackstack.io,2025-06-25 22:23:52
135,silveryard51,silveryard51@relay.cloud,2025-09-22 05:00:46
136,livelyharvest06,livelyharvest06@acme.dev,2024-02-12 05:32:07
137,vividdelta19,vividdelta19@acme.dev,2025-01-24 13:16:22
138,jadeorbit26,jadeorbit26@opswise.net,2025-02-20 07:09:30
139,cobaltriver46,cobaltriver46@relay.cloud,2025-10-04 16:48:35
140,quiettrail65,quiettrail65@opswise.net,2025-03-26 23:10:13
141,quietcanyon15,quietcanyon15@acme.dev,2025-12-19 19:15:16
142,younguplink99,younguplink99@acme.dev,2025-04-22 18:29:07
143,amberanchor82,amberanchor82@example.com,2024-03-09 10:17:13
144,harborfield41,harborfield41@relay.cloud,2024-03-04 06:22:29
145,amberisland97,amberisland97@relay.cloud,2025-06-06 04:18:47
146,livelypioneer82,livelypioneer82@opswise.net,2025-03-25 12:18:09
147,ivoryharvest59,ivoryharvest59@opswise.net,2024-11-08 05:38:51
148,proudtrail96,proudtrail96@hackstack.io,2024-08-30 06:15:01
149,quietsignal40,quietsignal40@seeded.app,2025-05-29 01:08:08
150,warmdelta91,warmdelta91@example.com,2025-11-08 15:32:35
151,proudanchor68,proudanchor68@opswise.net,2024-04-26 00:31:55
152,jadeuplink28,jadeuplink28@acme.dev,2025-03-06 01:33:34
153,livelyriver87,livelyriver87@example.com,2024-12-03 13:10:05
154,keendelta06,keendelta06@acme.dev,2025-06-08 19:27:13
155,tidynetwork79,tidynetwork79@seeded.app,2025-03-20 05:07:38
156,opalvalley22,opalvalley22@acme.dev,2025-07-09 15:00:25
157,tidyanchor33,tidyanchor33@opswise.net,2024-04-24 02:50:07
158,opaluplink58,opaluplink58@opswise.net,2024-10-03 23:22:06
159,warmgarden34,warmgarden34@seeded.app,2024-07-10 14:51:22
160,dawnsignal34,dawnsignal34@relay.cloud,2024-02-15 01:34:48
161,clearwindow52,clearwindow52@example.com,2025-12-05 07:53:21
162,tidyfield75,tidyfield75@relay.cloud,2025-05-01 16:24:51
163,emberpioneer01,emberpioneer01@opswise.net,2025-11-04 13:41:13
164,amberzenith98,amberzenith98@relay.cloud,2024-03-24 18:27:54
165,emberzenith29,emberzenith29@hackstack.io,2025-07-01 21:14:59
166,opaljourney07,opaljourney07@opswise.net,2025-09-25 09:51:28
167,emberanchor25,emberanchor25@acme.dev,2024-07-31 17:29:31
168,mellowuplink22,mellowuplink22@acme.dev,2025-06-23 22:02:38
169,livelyyard32,livelyyard32@opswise.net,2025-09-22 02:29:19
170,warmgarden54,warmgarden54@hackstack.io,2024-11-24 14:46:31
171,livelyyard46,livelyyard46@acme.dev,2024-02-02 23:53:55
172,livelyriver04,livelyriver04@opswise.net,2025-03-25 13:18:21
173,jademeadow18,jademeadow18@seeded.app,2025-11-05 03:16:31
174,forestorbit06,forestorbit06@acme.dev,2024-12-31 17:36:14
175,keenfield00,keenfield00@seeded.app,2024-11-16 02:15:29
176,cobaltharvest03,cobaltharvest03@example.com,2025-11-12 12:03:11
177,harborvalley38,harborvalley38@relay.cloud,2024-02-26 16:29:03
178,goldpioneer70,goldpioneer70@example.com,2024-06-19 21:36:00
179,cobaltvalley58,cobaltvalley58@example.com,2025-07-17 11:41:16
180,goldquartz92,goldquartz92@opswise.net,2025-10-06 12:35:01
181,dawnvalley98,dawnvalley98@seeded.app,2024-12-11 19:03:34
182,cobaltlagoon55,cobaltlagoon55@opswise.net,2024-05-03 21:47:19
183,ambertrail06,ambertrail06@opswise.net,2024-09-21 16:58:02
184,navybeacon19,navybeacon19@example.com,2025-01-04 02:08:53
185,briskyard28,briskyard28@acme.dev,2025-08-11 19:32:53
186,quietjourney62,quietjourney62@relay.cloud,2024-02-16 00:08:14
187,embercanyon36,embercanyon36@seeded.app,2024-09-21 23:53:02
188,navybeacon54,navybeacon54@opswise.net,2025-09-05 16:02:10
189,urbannetwork94,urbannetwork94@opswise.net,2024-06-01 23:02:04
190,harbororbit17,harbororbit17@seeded.app,2024-08-09 01:57:36
191,emberharvest58,emberharvest58@opswise.net,2025-08-01 23:51:17
192,harborcanyon76,harborcanyon76@example.com,2024-03-18 22:49:25
193,mellowvalley31,mellowvalley31@opswise.net,2024-06-01 07:36:13
194,youngisland32,youngisland32@opswise.net,2025-05-06 19:04:55
195,mellowuplink72,mellowuplink72@hackstack.io,2025-01-16 09:28:23
196,harborengine51,harborengine51@relay.cloud,2025-11-15 20:55:42
197,forestquartz62,forestquartz62@acme.dev,2025-01-06 07:14:28
198,mellowriver01,mellowriver01@hackstack.io,2025-09-01 00:10:55
199,proudtrail11,proudtrail11@example.com,2025-10-28 17:37:12
200,cobaltgarden75,cobaltgarden75@seeded.app,2024-06-11 13:06:48
201,jademeadow52,jademeadow52@example.com,2025-10-30 20:24:39
202,calmkernel69,calmkernel69@opswise.net,2025-09-03 19:29:31
203,silvervalley75,silvervalley75@opswise.net,2025-07-19 03:24:29
204,vividtrail98,vividtrail98@example.com,2024-12-09 10:37:29
205,opaljourney25,opaljourney25@opswise.net,2024-05-24 09:09:27
206,opalorbit32,opalorbit32@acme.dev,2024-12-13 22:00:27
207,youngzenith01,youngzenith01@opswise.net,2024-07-01 15:05:01
208,silvernetwork64,silvernetwork64@acme.dev,2025-12-11 03:53:31
209,livelyengine61,livelyengine61@example.com,2024-09-17 08:19:07
210,ivorynetwork47,ivorynetwork47@relay.cloud,2025-10-05 02:15:53
211,quietkernel54,quietkernel54@relay.cloud,2025-02-16 15:07:50
212,opalsignal95,opalsignal95@relay.cloud,2025-10-13 19:04:04
213,ivorydelta66,ivorydelta66@opswise.net,2024-05-04 15:42:11
214,rapidorbit79,rapidorbit79@example.com,2024-06-24 07:20:10
215,cobaltdelta30,cobaltdelta30@opswise.net,2025-10-11 15:30:57
216,dawnlagoon44,dawnlagoon44@relay.cloud,2024-11-04 15:20:36
217,mellowzenith29,mellowzenith29@hackstack.io,2025-09-03 04:40:54
218,calmisland98,calmisland98@relay.cloud,2025-11-17 17:55:50
219,mellowyard76,mellowyard76@opswise.net,2026-01-13 08:22:05
220,amberlagoon05,amberlagoon05@relay.cloud,2025-06-07 10:28:53
221,tidyfield21,tidyfield21@opswise.net,2025-03-29 01:14:19
222,rapidanchor54,rapidanchor54@example.com,2025-04-28 17:03:49
223,livelymeadow10,livelymeadow10@seeded.app,2025-09-23 11:17:19
224,emberharvest26,emberharvest26@seeded.app,2025-02-10 03:16:24
225,emberyard14,emberyard14@seeded.app,2024-10-07 10:51:13
226,dawnfield19,dawnfield19@hackstack.io,2024-12-07 18:38:00
227,ambercanyon06,ambercanyon06@hackstack.io,2024-01-04 15:46:38
228,dawnvalley82,dawnvalley82@relay.cloud,2024-10-28 00:49:25
229,opaluplink11,opaluplink11@relay.cloud,2024-11-05 05:11:16
230,amberzenith02,amberzenith02@acme.dev,2025-02-12 05:04:52
231,briskfield28,briskfield28@example.com,2024-07-10 10:10:09
232,silvertrail16,silvertrail16@hackstack.io,2025-08-17 02:16:54
233,amberisland59,amberisland59@hackstack.io,2024-02-21 06:59:30
234,cobaltvalley28,cobaltvalley28@seeded.app,2024-04-18 05:45:55
235,quietgarden62,quietgarden62@acme.dev,2026-01-11 07:11:19
236,cobaltkernel85,cobaltkernel85@opswise.net,2024-01-18 20:50:05
237,rapidzenith14,rapidzenith14@relay.cloud,2024-04-16 04:46:02
238,youngwindow78,youngwindow78@acme.dev,2025-10-12 02:19:48
239,dawnbeacon66,dawnbeacon66@relay.cloud,2025-08-26 02:07:20
240,youngcanyon82,youngcanyon82@hackstack.io,2025-07-14 14:12:48
241,rapidquartz15,rapidquartz15@opswise.net,2025-11-19 18:45:47
242,youngbeacon88,youngbeacon88@seeded.app,2024-09-26 06:21:41
243,livelyengine58,livelyengine58@opswise.net,2025-08-09 06:28:25
244,brisksignal96,brisksignal96@relay.cloud,2025-02-19 09:36:40
245,mellowdelta30,mellowdelta30@example.com,2025-03-10 02:16:30
246,dawnzenith82,dawnzenith82@seeded.app,2025-12-05 15:39:19
247,opalorbit47,opalorbit47@opswise.net,2024-06-12 20:20:06
248,ivorybeacon33,ivorybeacon33@relay.cloud,2025-05-27 13:57:43
249,youngorbit42,youngorbit42@example.com,2025-07-05 09:23:27
250,warmlagoon55,warmlagoon55@example.com,2025-01-31 06:51:19
251,briskpioneer65,briskpioneer65@acme.dev,2025-04-08 10:59:46
252,livelyzenith39,livelyzenith39@example.com,2025-05-19 16:56:07
253,tidyriver87,tidyriver87@acme.dev,2025-01-16 19:38:35
254,ivoryengine20,ivoryengine20@relay.cloud,2025-09-16 09:10:45
255,clearcanyon42,clearcanyon42@example.com,2025-03-09 06:28:38
256,vividwindow84,vividwindow84@opswise.net,2025-06-25 21:37:12
257,keensignal19,keensignal19@example.com,2024-02-15 06:32:12
258,vividsignal72,vividsignal72@seeded.app,2025-11-15 15:55:16
259,vividbeacon03,vividbeacon03@seeded.app,2025-02-17 16:52:22
260,urbanengine24,urbanengine24@relay.cloud,2024-10-12 17:46:59
261,warmlagoon35,warmlagoon35@example.com,2024-05-06 11:34:28
262,ivorysignal71,ivorysignal71@hackstack.io,2025-02-18 06:17:29
263,calmorbit84,calmorbit84@hackstack.io,2024-02-28 01:47:18
264,rapidjourney28,rapidjourney28@relay.cloud,2024-09-22 18:04:27
265,rapidgarden47,rapidgarden47@seeded.app,2024-10-07 04:00:04
266,cobaltbeacon50,cobaltbeacon50@acme.dev,2025-03-02 08:23:30
267,quietgarden94,quietgarden94@hackstack.io,2026-01-22 09:42:46
268,forestsignal70,forestsignal70@relay.cloud,2025-03-13 13:00:09
269,livelywindow26,livelywindow26@relay.cloud,2024-04-24 05:50:23
270,jaderiver99,jaderiver99@seeded.app,2025-12-12 13:58:19
271,harbornetwork65,harbornetwork65@opswise.net,2024-09-20 08:41:52
272,clearriver90,clearriver90@opswise.net,2024-04-24 04:25:27
273,urbanjourney90,urbanjourney90@seeded.app,2024-02-29 15:25:47
274,goldriver55,goldriver55@example.com,2024-12-22 11:38:09
275,rapidorbit46,rapidorbit46@relay.cloud,2025-03-11 04:17:08
276,forestvalley69,forestvalley69@opswise.net,2024-03-07 22:10:21
277,mellowdelta36,mellowdelta36@example.com,2024-08-24 21:42:40
278,calmriver35,calmriver35@acme.dev,2024-06-08 22:55:39
279,livelycanyon98,livelycanyon98@seeded.app,2024-11-12 10:59:22
280,ivorysignal92,ivorysignal92@example.com,2024-03-22 15:30:16
281,navyanchor11,navyanchor11@relay.cloud,2025-09-09 22:51:57
282,jadepioneer05,jadepioneer05@relay.cloud,2025-10-04 19:05:20
283,vividgarden30,vividgarden30@opswise.net,2024-06-28 01:09:28
284,goldzenith07,goldzenith07@seeded.app,2024-06-21 23:45:09
285,brisknetwork59,brisknetwork59@example.com,2024-10-19 23:53:04
286,mellowanchor87,mellowanchor87@hackstack.io,2026-01-13 22:56:37
287,rapidriver27,rapidriver27@opswise.net,2024-01-10 16:59:28
288,jadeanchor00,jadeanchor00@opswise.net,2024-05-17 19:00:33
289,youngkernel29,youngkernel29@hackstack.io,2024-07-25 04:05:53
290,silvercanyon45,silvercanyon45@acme.dev,2026-01-11 12:29:53
291,livelyisland54,livelyisland54@opswise.net,2025-10-09 23:14:11
292,proudwindow51,proudwindow51@opswise.net,2025-02-16 18:48:59
293,clearengine78,clearengine78@opswise.net,2024-07-17 12:49:23
294,rapidengine93,rapidengine93@seeded.app,2024-03-28 21:53:05
295,silvergarden38,silvergarden38@opswise.net,2024-11-17 03:32:26
296,goldvalley04,goldvalley04@relay.cloud,2025-10-31 18:12:54
297,navyquartz73,navyquartz73@hackstack.io,2024-02-05 12:55:35
298,keenlagoon45,keenlagoon45@relay.cloud,2025-05-27 16:45:48
299,vividwindow22,vividwindow22@acme.dev,2025-11-15 02:32:24
300,urbandelta65,urbandelta65@relay.cloud,2024-08-27 22:25:47
301,youngriver20,youngriver20@seeded.app,2024-09-20 18:02:54
302,mellowpioneer26,mellowpioneer26@hackstack.io,2024-06-04 11:11:34
303,dawndelta71,dawndelta71@hackstack.io,2025-08-17 06:49:20
304,cobaltengine87,cobaltengine87@opswise.net,2024-11-01 18:42:44
305,warmjourney76,warmjourney76@relay.cloud,2026-01-09 23:05:28
306,calmkernel06,calmkernel06@acme.dev,2025-07-11 05:55:56
307,cobaltuplink05,cobaltuplink05@opswise.net,2025-01-12 04:38:09
308,goldtrail25,goldtrail25@acme.dev,2025-07-23 22:16:31
309,silverengine38,silverengine38@hackstack.io,2024-07-16 03:53:33
310,mellowengine05,mellowengine05@seeded.app,2024-05-07 08:08:47
311,warmanchor75,warmanchor75@example.com,2025-05-20 18:38:41
312,emberbeacon75,emberbeacon75@example.com,2025-05-22 12:36:41
313,goldpioneer13,goldpioneer13@opswise.net,2024-10-17 00:23:48
314,cobaltvalley15,cobaltvalley15@relay.cloud,2025-02-27 00:25:42
315,rapiduplink53,rapiduplink53@hackstack.io,2024-03-06 08:55:37
316,livelywindow88,livelywindow88@relay.cloud,2024-09-06 01:16:59
317,cobaltdelta73,cobaltdelta73@relay.cloud,2024-01-03 18:49:36
318,mellowuplink30,mellowuplink30@acme.dev,2025-04-22 00:53:38
319,rapidquartz19,rapidquartz19@relay.cloud,2025-05-14 15:49:34
320,quietisland24,quietisland24@relay.cloud,2025-10-15 01:14:22
321,navynetwork98,navynetwork98@acme.dev,2024-11-19 01:25:09
322,youngbeacon96,youngbeacon96@opswise.net,2025-03-08 05:46:51
323,livelyorbit33,livelyorbit33@acme.dev,2024-10-13 09:56:03
324,tidyyard20,tidyyard20@opswise.net,2024-03-07 21:59:42
325,mellowjourney71,mellowjourney71@opswise.net,2026-01-02 01:18:52
326,silverzenith86,silverzenith86@relay.cloud,2024-06-19 07:31:39
327,navyharvest43,navyharvest43@example.com,2025-04-01 17:14:02
328,navyanchor11,navyanchor11@opswise.net,2025-02-02 11:45:50
329,keenquartz37,keenquartz37@relay.cloud,2025-07-30 05:47:27
330,opalfield45,opalfield45@example.com,2024-11-17 02:38:43
331,forestwindow96,forestwindow96@example.com,2024-06-14 11:37:24
332,calmriver65,calmriver65@seeded.app,2026-01-12 14:06:12
333,ivoryjourney45,ivoryjourney45@acme.dev,2025-05-01 21:03:03
334,forestbeacon80,forestbeacon80@relay.cloud,2024-10-21 14:20:58
335,amberengine57,amberengine57@example.com,2025-09-20 02:37:42
336,calmharvest57,calmharvest57@example.com,2024-10-30 13:17:58
337,vividwindow71,vividwindow71@acme.dev,2024-12-05 09:05:48
338,youngbeacon53,youngbeacon53@hackstack.io,2025-05-09 08:54:06
339,harborcanyon37,harborcanyon37@example.com,2024-08-31 01:15:03
340,silvervalley49,silvervalley49@opswise.net,2024-07-31 06:34:36
341,opalisland95,opalisland95@hackstack.io,2024-09-06 14:05:34
342,calmuplink69,calmuplink69@acme.dev,2024-03-08 17:59:25
343,harbororbit62,harbororbit62@relay.cloud,2024-10-01 14:22:10
344,navykernel64,navykernel64@seeded.app,2026-01-27 18:29:15
345,ivoryfield53,ivoryfield53@opswise.net,2024-12-31 05:20:08
346,quietvalley03,quietvalley03@relay.cloud,2024-11-08 23:34:49
347,ivoryquartz03,ivoryquartz03@acme.dev,2024-04-03 22:06:27
348,vividanchor89,vividanchor89@seeded.app,2024-05-29 22:10:51
349,urbangarden03,urbangarden03@hackstack.io,2024-12-07 14:12:18
350,navyriver11,navyriver11@seeded.app,2025-10-25 07:09:37
351,mellowcanyon09,mellowcanyon09@opswise.net,2025-03-16 04:31:19
352,livelyuplink94,livelyuplink94@acme.dev,2025-07-02 05:08:47
353,urbanmeadow84,urbanmeadow84@seeded.app,2024-11-07 07:38:41
354,proudpioneer93,proudpioneer93@hackstack.io,2025-06-30 17:04:36
355,keencanyon80,keencanyon80@example.com,2024-07-27 20:18:00
356,keenanchor83,keenanchor83@acme.dev,2024-03-16 08:49:29
357,opaldelta41,opaldelta41@relay.cloud,2025-11-10 00:36:28
358,livelykernel18,livelykernel18@acme.dev,2025-01-22 21:57:24
359,harborjourney94,harborjourney94@example.com,2024-10-13 19:36:39
360,jadeuplink46,jadeuplink46@opswise.net,2025-04-08 11:16:56
361,livelylagoon71,livelylagoon71@acme.dev,2025-11-15 19:18:33
362,quietkernel50,quietkernel50@hackstack.io,2025-08-03 09:54:28
363,urbandelta83,urbandelta83@acme.dev,2024-03-07 10:14:13
364,brisktrail27,brisktrail27@hackstack.io,2024-10-15 14:24:32
365,ivorylagoon98,ivorylagoon98@seeded.app,2025-02-11 20:30:05
366,youngwindow41,youngwindow41@hackstack.io,2024-03-18 22:07:11
367,clearriver83,clearriver83@seeded.app,2025-03-29 18:39:16
368,proudorbit49,proudorbit49@opswise.net,2025-08-22 23:22:33
369,urbangarden30,urbangarden30@relay.cloud,2025-01-22 23:33:15
370,tidyjourney37,tidyjourney37@acme.dev,2025-02-21 08:13:24
371,rapidvalley52,rapidvalley52@hackstack.io,2024-08-29 10:10:58
372,navyvalley18,navyvalley18@seeded.app,2024-02-28 11:32:39
373,quietorbit73,quietorbit73@acme.dev,2025-04-26 16:36:15
374,harborsignal22,harborsignal22@example.com,2024-09-18 11:27:29
375,goldharvest26,goldharvest26@seeded.app,2025-05-13 09:54:34
376,jadefield36,jadefield36@hackstack.io,2024-08-20 19:05:49
377,rapidisland20,rapidisland20@acme.dev,2024-10-19 06:21:52
378,urbantrail79,urbantrail79@hackstack.io,2024-03-06 18:12:53
379,livelyfield84,livelyfield84@relay.cloud,2024-05-01 13:00:51
380,cobaltdelta82,cobaltdelta82@hackstack.io,2025-03-10 00:11:23
381,cobaltriver43,cobaltriver43@acme.dev,2025-10-02 00:11:58
382,forestwindow58,forestwindow58@relay.cloud,2025-12-31 23:12:24
383,emberfield65,emberfield65@example.com,2024-01-04 17:43:41
384,opalpioneer90,opalpioneer90@acme.dev,2025-10-16 02:11:31
385,ivorygarden57,ivorygarden57@hackstack.io,2025-12-26 22:05:02
386,dawnharvest58,dawnharvest58@example.com,2025-11-16 16:02:19
387,youngquartz90,youngquartz90@opswise.net,2024-11-08 06:30:42
388,warmisland77,warmisland77@seeded.app,2025-06-19 12:28:08
389,livelygarden90,livelygarden90@relay.cloud,2025-04-20 03:18:50
390,amberisland64,amberisland64@example.com,2025-11-10 03:01:28
391,navymeadow58,navymeadow58@acme.dev,2025-11-16 09:53:51
392,youngorbit25,youngorbit25@acme.dev,2025-09-19 13:54:32
393,vividjourney79,vividjourney79@seeded.app,2024-07-24 00:16:25
394,vividgarden81,vividgarden81@hackstack.io,2025-04-19 10:27:52
395,quietzenith00,quietzenith00@example.com,2024-09-02 11:37:55
396,warmjourney06,warmjourney06@hackstack.io,2025-06-22 16:38:39
397,vividyard00,vividyard00@seeded.app,2025-08-03 23:22:38
398,keenengine21,keenengine21@example.com,2026-01-20 13:04:15
399,navyjourney72,navyjourney72@relay.cloud,2025-04-21 11:00:59
400,tidyjourney87,tidyjourney87@relay.cloud,2024-09-28 13:03:26
